-- INSERT TABLA PERSONAS -----
INSERT INTO `posgrado`.`personas` (`IdPersona`, `Telefono`, `EstadoPer`) VALUES ('1', '23225', 'A');
INSERT INTO `posgrado`.`personas` (`IdPersona`, `Telefono`, `EstadoPer`) VALUES ('2', '21215', 'A');
INSERT INTO `posgrado`.`personas` (`IdPersona`, `Telefono`, `EstadoPer`) VALUES ('3', '45454', 'A');
INSERT INTO `posgrado`.`personas` (`IdPersona`, `Telefono`, `EstadoPer`) VALUES ('4', '21544', 'A');
INSERT INTO `posgrado`.`personas` (`IdPersona`, `Telefono`, `EstadoPer`) VALUES ('5', '24545', 'A');
INSERT INTO `posgrado`.`personas` (`IdPersona`, `Telefono`, `EstadoPer`) VALUES ('6', '323230', 'A');
INSERT INTO `posgrado`.`personas` (`IdPersona`, `Telefono`, `EstadoPer`) VALUES ('7', '21544', 'A');
INSERT INTO `posgrado`.`personas` (`IdPersona`, `Telefono`, `EstadoPer`) VALUES ('8', '25452', 'I');
INSERT INTO `posgrado`.`personas` (`IdPersona`, `Telefono`, `EstadoPer`) VALUES ('9', '54588', 'I');
INSERT INTO `posgrado`.`personas` (`IdPersona`, `Telefono`, `EstadoPer`) VALUES ('10', '23233', 'I');
INSERT INTO `posgrado`.`personas` (`IdPersona`, `Telefono`, `EstadoPer`) VALUES ('11', '21212', 'A');
INSERT INTO `posgrado`.`personas` (`IdPersona`, `Telefono`, `EstadoPer`) VALUES ('12', '12455', 'A');
INSERT INTO `posgrado`.`personas` (`IdPersona`, `Telefono`, `EstadoPer`) VALUES ('13', '54877', 'A');
INSERT INTO `posgrado`.`personas` (`IdPersona`, `Telefono`, `EstadoPer`) VALUES ('14', '54545', 'A');
INSERT INTO `posgrado`.`personas` (`IdPersona`, `Telefono`, `EstadoPer`) VALUES ('15', '54879', 'A');
INSERT INTO `posgrado`.`personas` (`IdPersona`, `Telefono`, `EstadoPer`) VALUES ('16', '45899', 'A');
INSERT INTO `posgrado`.`personas` (`IdPersona`, `Telefono`, `EstadoPer`) VALUES ('17', '14545', 'A');
INSERT INTO `posgrado`.`personas` (`IdPersona`, `Telefono`, `EstadoPer`) VALUES ('18', '45458', 'I');
INSERT INTO `posgrado`.`personas` (`IdPersona`, `Telefono`, `EstadoPer`) VALUES ('19', '14558', 'I');
INSERT INTO `posgrado`.`personas` (`IdPersona`, `Telefono`, `EstadoPer`) VALUES ('20', '12450', 'I');
INSERT INTO `posgrado`.`personas` (`IdPersona`, `Telefono`, `EstadoPer`) VALUES ('21', '54545', 'A');
INSERT INTO `posgrado`.`personas` (`IdPersona`, `Telefono`, `EstadoPer`) VALUES ('22', '202020', 'A');
INSERT INTO `posgrado`.`personas` (`IdPersona`, `Telefono`, `EstadoPer`) VALUES ('23', '45545', 'A');
INSERT INTO `posgrado`.`personas` (`IdPersona`, `Telefono`, `EstadoPer`) VALUES ('24', '54545', 'A');
INSERT INTO `posgrado`.`personas` (`IdPersona`, `Telefono`, `EstadoPer`) VALUES ('25', '87899', 'A');
INSERT INTO `posgrado`.`personas` (`IdPersona`, `Telefono`, `EstadoPer`) VALUES ('26', '10200', 'A');
INSERT INTO `posgrado`.`personas` (`IdPersona`, `Telefono`, `EstadoPer`) VALUES ('27', '54899', 'A');
INSERT INTO `posgrado`.`personas` (`IdPersona`, `Telefono`, `EstadoPer`) VALUES ('28', '45690', 'I');
INSERT INTO `posgrado`.`personas` (`IdPersona`, `Telefono`, `EstadoPer`) VALUES ('29', '221002', 'I');
INSERT INTO `posgrado`.`personas` (`IdPersona`, `Telefono`, `EstadoPer`) VALUES ('30', '21558', 'I');

-- INSERTS TABLA PROVEEDORES ----

INSERT INTO `posgrado`.`proveedores` (`IdProveedor`, `Proveedor`) VALUES ('1', 'Sony');
INSERT INTO `posgrado`.`proveedores` (`IdProveedor`, `Proveedor`) VALUES ('2', 'Lenovo');
INSERT INTO `posgrado`.`proveedores` (`IdProveedor`, `Proveedor`) VALUES ('3', 'Acer');
INSERT INTO `posgrado`.`proveedores` (`IdProveedor`, `Proveedor`) VALUES ('4', 'Asus');
INSERT INTO `posgrado`.`proveedores` (`IdProveedor`, `Proveedor`) VALUES ('5', 'Epson');
INSERT INTO `posgrado`.`proveedores` (`IdProveedor`, `Proveedor`) VALUES ('6', 'HP');
INSERT INTO `posgrado`.`proveedores` (`IdProveedor`, `Proveedor`) VALUES ('7', 'Cisco');
INSERT INTO `posgrado`.`proveedores` (`IdProveedor`, `Proveedor`) VALUES ('8', 'Kodak');
INSERT INTO `posgrado`.`proveedores` (`IdProveedor`, `Proveedor`) VALUES ('9', 'Toshiba');
INSERT INTO `posgrado`.`proveedores` (`IdProveedor`, `Proveedor`) VALUES ('10', 'Dell');

-- INSERT TABLA PERSONAS FISICAS -------
INSERT INTO `posgrado`.`personasfisicas` (`IdPersona`,  `Apellidos`, `Nombres`,  `Email`) VALUES ('11', 'Juarez', 'Raul Eduardo', 'rjuarez@gmail.com');
INSERT INTO `posgrado`.`personasfisicas` (`IdPersona`,  `Apellidos`, `Nombres`,  `Email`) VALUES ('12', 'Fernandez', 'Manuel','mfernandez@gmail.com');
INSERT INTO `posgrado`.`personasfisicas` (`IdPersona`,  `Apellidos`, `Nombres`,  `Email`) VALUES ('13', 'Carrizo Varela', 'Carlos Bautista', 'cbcvarela@gmail.com');
INSERT INTO `posgrado`.`personasfisicas` (`IdPersona`,  `Apellidos`, `Nombres`,  `Email`) VALUES ('14', 'Perez', 'Monica del Valle', 'mdvperez@hotmail.com');
INSERT INTO `posgrado`.`personasfisicas` (`IdPersona`,  `Apellidos`, `Nombres`,  `Email`) VALUES ('15', 'Palacio', 'Sebastian', 'spalacio@hotmail.com');
INSERT INTO `posgrado`.`personasfisicas` (`IdPersona`,  `Apellidos`, `Nombres`,  `Email`) VALUES ('16', 'Vega', 'Nancy', 'nvega@gmail.com');
INSERT INTO `posgrado`.`personasfisicas` (`IdPersona`,  `Apellidos`, `Nombres`,  `Email`) VALUES ('17', 'Sanchez', 'Jose Raul', 'jrsanchez@gmail.com');
INSERT INTO `posgrado`.`personasfisicas` (`IdPersona`,  `Apellidos`, `Nombres`,  `Email`) VALUES ('18', 'Contreras', 'Carlos', 'ccontreras@gmail.com');
INSERT INTO `posgrado`.`personasfisicas` (`IdPersona`,  `Apellidos`, `Nombres`,  `Email`) VALUES ('19', 'Montenegro', 'Sergio', 'smontenegro@hotmail.com');
INSERT INTO `posgrado`.`personasfisicas` (`IdPersona`,  `Apellidos`, `Nombres`,  `Email`) VALUES ('20', 'Guzman', 'Alfredo', 'aguzman@gmail.com');
INSERT INTO `posgrado`.`personasfisicas` (`IdPersona`,  `Apellidos`, `Nombres`,  `Email`) VALUES ('21', 'Varela', 'Ariel Lucas', 'ariel@gmail.com');
INSERT INTO `posgrado`.`personasfisicas` (`IdPersona`,  `Apellidos`, `Nombres`,  `Email`) VALUES ('22', 'Benitez', 'Mariano', 'mbenitez@gmail.com');
INSERT INTO `posgrado`.`personasfisicas` (`IdPersona`,  `Apellidos`, `Nombres`,  `Email`) VALUES ('23', 'Sarmiento', 'Francisco', 'fsarmiento@hotmail.com');
INSERT INTO `posgrado`.`personasfisicas` (`IdPersona`,  `Apellidos`, `Nombres`,  `Email`) VALUES ('24', 'Vargas', 'Gustavo', 'gvargas@gmail.com');
INSERT INTO `posgrado`.`personasfisicas` (`IdPersona`,  `Apellidos`, `Nombres`,  `Email`) VALUES ('25', 'Bustamante', 'Gonzalo', 'gbustamante@gmail.com');
INSERT INTO `posgrado`.`personasfisicas` (`IdPersona`,  `Apellidos`, `Nombres`,  `Email`) VALUES ('26', 'Salinas', 'Victor', 'vsalinas@gmail.com');
INSERT INTO `posgrado`.`personasfisicas` (`IdPersona`,  `Apellidos`, `Nombres`,  `Email`) VALUES ('27', 'Palacios', 'Silvina', 'spalacios@hotmail.com');
INSERT INTO `posgrado`.`personasfisicas` (`IdPersona`,  `Apellidos`, `Nombres`,  `Email`) VALUES ('28', 'Costa', 'Luciana', 'lcosta@gmail.com');
INSERT INTO `posgrado`.`personasfisicas` (`IdPersona`,  `Apellidos`, `Nombres`,  `Email`) VALUES ('29', 'Iñigo', 'Bautista', 'biñigo@gmail.com');
INSERT INTO `posgrado`.`personasfisicas` (`IdPersona`,  `Apellidos`, `Nombres`,  `Email`) VALUES ('30', 'Olea', 'Lucrecia', 'lolea@gmail.com');

-- INSERT TABLA EMPLEADOS -----
INSERT INTO `posgrado`.`empleados` ( `IdEmpleado`, `Rol`, `Usuario`, `Password`, `FechaIngreso`) VALUES ('11', 'Gerente', 'rejuarez', '123456', '2001/10/19');
INSERT INTO `posgrado`.`empleados` ( `IdEmpleado`, `Rol`, `Usuario`, `Password`, `FechaIngreso`) VALUES ('12', 'Supervisor', 'mfernandez', '898977', '2005/06/25');
INSERT INTO `posgrado`.`empleados` ( `IdEmpleado`, `Rol`, `Usuario`, `Password`, `FechaIngreso`) VALUES ('13', 'Cajero', 'cbcvarela', '323565', '2005/11/27');
INSERT INTO `posgrado`.`empleados` ( `IdEmpleado`, `Rol`, `Usuario`, `Password`, `FechaIngreso`) VALUES ('14', 'Administrativa', 'mdvperez', '322666', '2006/12/05');
INSERT INTO `posgrado`.`empleados` ( `IdEmpleado`, `Rol`, `Usuario`, `Password`, `FechaIngreso`) VALUES ('15', 'Vendedor', 'spalacio', '546685', '2007/02/02');
INSERT INTO `posgrado`.`empleados` ( `IdEmpleado`, `Rol`, `Usuario`, `Password`, `FechaIngreso`) VALUES ('16', 'Vendedor', 'nvega', '589996', '2007/03/11');
INSERT INTO `posgrado`.`empleados` ( `IdEmpleado`, `Rol`, `Usuario`, `Password`, `FechaIngreso`) VALUES ('17', 'Vendedor', 'jrsanchez', '895669', '2008/09/20');
INSERT INTO `posgrado`.`empleados` ( `IdEmpleado`, `Rol`, `Usuario`, `Password`, `FechaIngreso`) VALUES ('18', 'Gerente', 'ccontreras', '215545', '1995/04/20');
INSERT INTO `posgrado`.`empleados` ( `IdEmpleado`, `Rol`, `Usuario`, `Password`, `FechaIngreso`) VALUES ('19', 'Cajero', 'smontenegro', '456565', '1998/12/19');
INSERT INTO `posgrado`.`empleados` ( `IdEmpleado`, `Rol`, `Usuario`, `Password`, `FechaIngreso`) VALUES ('20', 'Vendedor', 'aguzman', '458695', '2003/07/07');

-- INSERT TABLA CLIENTES ----
INSERT INTO `posgrado`.`clientes` (`IdCliente`) VALUES ('21');
INSERT INTO `posgrado`.`clientes` (`IdCliente`) VALUES ('22');
INSERT INTO `posgrado`.`clientes` (`IdCliente`) VALUES ('23');
INSERT INTO `posgrado`.`clientes` (`IdCliente`) VALUES ('24');
INSERT INTO `posgrado`.`clientes` (`IdCliente`) VALUES ('25');
INSERT INTO `posgrado`.`clientes` (`IdCliente`) VALUES ('26');
INSERT INTO `posgrado`.`clientes` (`IdCliente`) VALUES ('27');
INSERT INTO `posgrado`.`clientes` (`IdCliente`) VALUES ('28');
INSERT INTO `posgrado`.`clientes` (`IdCliente`) VALUES ('29');
INSERT INTO `posgrado`.`clientes` (`IdCliente`) VALUES ('30');

-- INSERT TABLA COMPRAS ------
INSERT INTO `posgrado`.`compras` (`IdCompra`, `FechaCompra`, `IdProveedor`, `IdEmpleado`) VALUES ('1', '2009/01/25', '1', '20');
INSERT INTO `posgrado`.`compras` (`IdCompra`, `FechaCompra`, `IdProveedor`, `IdEmpleado`) VALUES ('2', '2009/02/27', '5', '11');
INSERT INTO `posgrado`.`compras` (`IdCompra`, `FechaCompra`, `IdProveedor`, `IdEmpleado`) VALUES ('3', '2009/02/27', '6', '18');
INSERT INTO `posgrado`.`compras` (`IdCompra`, `FechaCompra`, `IdProveedor`, `IdEmpleado`) VALUES ('4', '2010/03/11', '1', '20');
INSERT INTO `posgrado`.`compras` (`IdCompra`, `FechaCompra`, `IdProveedor`, `IdEmpleado`) VALUES ('5', '2010/08/06', '10', '12');
INSERT INTO `posgrado`.`compras` (`IdCompra`, `FechaCompra`, `IdProveedor`, `IdEmpleado`) VALUES ('6', '2011/04/05', '2', '13');
INSERT INTO `posgrado`.`compras` (`IdCompra`, `FechaCompra`, `IdProveedor`, `IdEmpleado`) VALUES ('7', '2011/10/12', '4', '11');
INSERT INTO `posgrado`.`compras` (`IdCompra`, `FechaCompra`, `IdProveedor`, `IdEmpleado`) VALUES ('8', '2011/12/23', '9', '14');
INSERT INTO `posgrado`.`compras` (`IdCompra`, `FechaCompra`, `IdProveedor`, `IdEmpleado`) VALUES ('9', '2012/01/10', '7', '15');
INSERT INTO `posgrado`.`compras` (`IdCompra`, `FechaCompra`, `IdProveedor`, `IdEmpleado`) VALUES ('10', '2012/02/20', '8', '11');

-- INSERT TABLA VENTAS -----
INSERT INTO `posgrado`.`ventas` (`IdVenta`, `FechaVenta`, `IdCliente`, `IdEmpleado`) VALUES ('1', '2011/01/25', '30', '15');
INSERT INTO `posgrado`.`ventas` (`IdVenta`, `FechaVenta`, `Descuento`, `IdCliente`, `IdEmpleado`) VALUES ('2', '2011/02/03', '100', '28', '19');
INSERT INTO `posgrado`.`ventas` (`IdVenta`, `FechaVenta`, `Descuento`, `IdCliente`, `IdEmpleado`) VALUES ('3', '2011/02/15', '50', '27', '14');
INSERT INTO `posgrado`.`ventas` (`IdVenta`, `FechaVenta`, `IdCliente`, `IdEmpleado`) VALUES ('4', '2011/02/27', '21', '13');
INSERT INTO `posgrado`.`ventas` (`IdVenta`, `FechaVenta`, `Descuento`, `IdCliente`, `IdEmpleado`) VALUES ('5', '2012/03/11', '25', '24', '20');
INSERT INTO `posgrado`.`ventas` (`IdVenta`, `FechaVenta`, `IdCliente`, `IdEmpleado`) VALUES ('6', '2012/03/25', '22', '16');
INSERT INTO `posgrado`.`ventas` (`IdVenta`, `FechaVenta`, `Descuento`, `IdCliente`, `IdEmpleado`) VALUES ('7', '2012/03/27', '25', '26', '16');
INSERT INTO `posgrado`.`ventas` (`IdVenta`, `FechaVenta`, `Descuento`, `IdCliente`, `IdEmpleado`) VALUES ('8', '2012/04/15', '150', '29', '14');
INSERT INTO `posgrado`.`ventas` (`IdVenta`, `FechaVenta`, `Descuento`, `IdCliente`, `IdEmpleado`) VALUES ('9', '2012/04/20', '5', '23', '12');
INSERT INTO `posgrado`.`ventas` (`IdVenta`, `FechaVenta`, `Descuento`, `IdCliente`, `IdEmpleado`) VALUES ('10', '2012/05/05', '25', '25', '13');

-- INSERT TABLA RUBROS ----
INSERT INTO `posgrado`.`rubros` (`IdRubro`, `Rubro`, `EstadoRub`) VALUES ('1', 'Notebooks', 'A');
INSERT INTO `posgrado`.`rubros` (`IdRubro`, `Rubro`, `EstadoRub`) VALUES ('2', 'PC', 'A');
INSERT INTO `posgrado`.`rubros` (`IdRubro`, `Rubro`, `EstadoRub`) VALUES ('3', 'Impresoras', 'A');
INSERT INTO `posgrado`.`rubros` (`IdRubro`, `Rubro`, `EstadoRub`) VALUES ('4', 'Hardware', 'A');
INSERT INTO `posgrado`.`rubros` (`IdRubro`, `Rubro`, `EstadoRub`) VALUES ('5', 'Redes', 'A');
INSERT INTO `posgrado`.`rubros` (`IdRubro`, `Rubro`, `EstadoRub`) VALUES ('6', 'Perifericos', 'I');
INSERT INTO `posgrado`.`rubros` (`IdRubro`, `Rubro`, `EstadoRub`) VALUES ('7', 'Accesorios', 'A');
INSERT INTO `posgrado`.`rubros` (`IdRubro`, `Rubro`, `EstadoRub`) VALUES ('8', 'Insumos', 'A');
INSERT INTO `posgrado`.`rubros` (`IdRubro`, `Rubro`, `EstadoRub`) VALUES ('9', 'Calculadoras', 'I');
INSERT INTO `posgrado`.`rubros` (`IdRubro`, `Rubro`, `EstadoRub`) VALUES ('10', 'Muebles', 'I');

-- INSERT TABLA PRODUCTOS ---
 
INSERT INTO `posgrado`.`productos` (`IdProducto`, `IdRubro`, `Producto`, `EstadoProd`) VALUES ('1', '1', 'Notebook', 'A');
INSERT INTO `posgrado`.`productos` (`IdProducto`, `IdRubro`, `Producto`, `EstadoProd`) VALUES ('2', '1', 'Ram', 'A');
INSERT INTO `posgrado`.`productos` (`IdProducto`, `IdRubro`, `Producto`, `EstadoProd`) VALUES ('3', '1', 'SSD', 'A');
INSERT INTO `posgrado`.`productos` (`IdProducto`, `IdRubro`, `Producto`, `EstadoProd`) VALUES ('4', '2', 'Monitor', 'A');
INSERT INTO `posgrado`.`productos` (`IdProducto`, `IdRubro`, `Producto`, `EstadoProd`) VALUES ('5', '2', 'Gabinete', 'A');
INSERT INTO `posgrado`.`productos` (`IdProducto`, `IdRubro`, `Producto`, `EstadoProd`) VALUES ('6', '2', 'Fuente', 'A');
INSERT INTO `posgrado`.`productos` (`IdProducto`, `IdRubro`, `Producto`, `EstadoProd`) VALUES ('7', '3', 'Impresora', 'A');
INSERT INTO `posgrado`.`productos` (`IdProducto`, `IdRubro`, `Producto`, `EstadoProd`) VALUES ('8', '4', 'Placa Madre', 'A');
INSERT INTO `posgrado`.`productos` (`IdProducto`, `IdRubro`, `Producto`, `EstadoProd`) VALUES ('9', '4', 'Disco', 'A');
INSERT INTO `posgrado`.`productos` (`IdProducto`, `IdRubro`, `Producto`, `EstadoProd`) VALUES ('10', '6', 'Teclado', 'A');
INSERT INTO `posgrado`.`productos` (`IdProducto`, `IdRubro`, `Producto`, `EstadoProd`) VALUES ('11', '6', 'Mouse', 'A');
INSERT INTO `posgrado`.`productos` (`IdProducto`, `IdRubro`, `Producto`, `EstadoProd`) VALUES ('12', '6', 'Microfono', 'I');

-- INSERT TABLA LINEAS VENTAS ----

INSERT INTO `posgrado`.`lineasventas` (`IdVenta`, `IdProducto`, `IdRubro`, `CantidadVenta`, `PrecioVenta`) VALUES ('1', '1', '1', '2', '500');
INSERT INTO `posgrado`.`lineasventas` (`IdVenta`, `IdProducto`, `IdRubro`, `CantidadVenta`, `PrecioVenta`) VALUES ('2', '2', '1', '1', '300');
INSERT INTO `posgrado`.`lineasventas` (`IdVenta`, `IdProducto`, `IdRubro`, `CantidadVenta`, `PrecioVenta`) VALUES ('3', '3', '1', '5', '400');
INSERT INTO `posgrado`.`lineasventas` (`IdVenta`, `IdProducto`, `IdRubro`, `CantidadVenta`, `PrecioVenta`) VALUES ('4', '4', '2', '1', '300');
INSERT INTO `posgrado`.`lineasventas` (`IdVenta`, `IdProducto`, `IdRubro`, `CantidadVenta`, `PrecioVenta`) VALUES ('4', '5', '2', '1', '250');
INSERT INTO `posgrado`.`lineasventas` (`IdVenta`, `IdProducto`, `IdRubro`, `CantidadVenta`, `PrecioVenta`) VALUES ('4', '6', '2', '1', '300');
INSERT INTO `posgrado`.`lineasventas` (`IdVenta`, `IdProducto`, `IdRubro`, `CantidadVenta`, `PrecioVenta`) VALUES ('5', '7', '3', '2', '200');
INSERT INTO `posgrado`.`lineasventas` (`IdVenta`, `IdProducto`, `IdRubro`, `CantidadVenta`, `PrecioVenta`) VALUES ('6', '8', '4', '1', '350');
INSERT INTO `posgrado`.`lineasventas` (`IdVenta`, `IdProducto`, `IdRubro`, `CantidadVenta`, `PrecioVenta`) VALUES ('6', '9', '4', '2', '500');
INSERT INTO `posgrado`.`lineasventas` (`IdVenta`, `IdProducto`, `IdRubro`, `CantidadVenta`, `PrecioVenta`) VALUES ('7', '10', '6', '1', '300');
INSERT INTO `posgrado`.`lineasventas` (`IdVenta`, `IdProducto`, `IdRubro`, `CantidadVenta`, `PrecioVenta`) VALUES ('7', '11', '6', '5', '250');
INSERT INTO `posgrado`.`lineasventas` (`IdVenta`, `IdProducto`, `IdRubro`, `CantidadVenta`, `PrecioVenta`) VALUES ('7', '12', '6', '4', '180');

-- INSERT TABLA LINEAS COMPRAS ----

INSERT INTO `posgrado`.`lineascompras` (`IdCompra`, `IdProducto`, `IdRubro`, `CantidadCompra`, `PrecioCompra`) VALUES ('1', '1', '1', '200', '100');
INSERT INTO `posgrado`.`lineascompras` (`IdCompra`, `IdProducto`, `IdRubro`, `CantidadCompra`, `PrecioCompra`) VALUES ('1', '2', '1', '300', '100');
INSERT INTO `posgrado`.`lineascompras` (`IdCompra`, `IdProducto`, `IdRubro`, `CantidadCompra`, `PrecioCompra`) VALUES ('1', '3', '1', '500', '200');
INSERT INTO `posgrado`.`lineascompras` (`IdCompra`, `IdProducto`, `IdRubro`, `CantidadCompra`, `PrecioCompra`) VALUES ('2', '4', '2', '400', '150');
INSERT INTO `posgrado`.`lineascompras` (`IdCompra`, `IdProducto`, `IdRubro`, `CantidadCompra`, `PrecioCompra`) VALUES ('2', '5', '2', '500', '100');
INSERT INTO `posgrado`.`lineascompras` (`IdCompra`, `IdProducto`, `IdRubro`, `CantidadCompra`, `PrecioCompra`) VALUES ('2', '6', '2', '300', '150');
INSERT INTO `posgrado`.`lineascompras` (`IdCompra`, `IdProducto`, `IdRubro`, `CantidadCompra`, `PrecioCompra`) VALUES ('3', '7', '3', '400', '300');
INSERT INTO `posgrado`.`lineascompras` (`IdCompra`, `IdProducto`, `IdRubro`, `CantidadCompra`, `PrecioCompra`) VALUES ('4', '8', '4', '300', '200');
INSERT INTO `posgrado`.`lineascompras` (`IdCompra`, `IdProducto`, `IdRubro`, `CantidadCompra`, `PrecioCompra`) VALUES ('4', '9', '4', '500', '150');
INSERT INTO `posgrado`.`lineascompras` (`IdCompra`, `IdProducto`, `IdRubro`, `CantidadCompra`, `PrecioCompra`) VALUES ('5', '10', '6', '300', '250');
INSERT INTO `posgrado`.`lineascompras` (`IdCompra`, `IdProducto`, `IdRubro`, `CantidadCompra`, `PrecioCompra`) VALUES ('5', '11', '6', '200', '300');
INSERT INTO `posgrado`.`lineascompras` (`IdCompra`, `IdProducto`, `IdRubro`, `CantidadCompra`, `PrecioCompra`) VALUES ('5', '12', '6', '300', '100');
